{
  "image_count": 80,
  "mean_psnr": 27.7669944838022,
  "mean_ssim": 0.8110628083348275,
  "min_psnr": 21.264529076686934,
  "max_psnr": 33.728470144356464
}