{
  "image_count": 80,
  "selected_image_count": 24,
  "mean_psnr": 13.692770667841609,
  "mean_ssim": 0.5038609322160482,
  "min_psnr": 8.990673569704091,
  "max_psnr": 18.377289771271368,
  "gaussian_count": 65863,
  "width": 735,
  "height": 990,
  "iterations": 18000,
  "additional_iterations": 18000
}