{
  "image_count": 49,
  "selected_image_count": 24,
  "mean_psnr": 30.14937202933866,
  "mean_ssim": 0.8844809082089639,
  "min_psnr": 25.038992819007934,
  "max_psnr": 34.937448795956456,
  "gaussian_count": 20718,
  "width": 713,
  "height": 960,
  "iterations": 24000,
  "additional_iterations": 10000
}