{
  "recon_points_used": 69507,
  "gt_points_used": 180000,
  "mean_error_m": 0.27692169053653176,
  "median_error_m": 0.1952744083044617,
  "rmse_m": 0.36891318767640674,
  "p90_error_m": 0.6745382237525747,
  "p95_error_m": 0.8210466843049481,
  "ratio_below_20cm": 0.5103802494712762,
  "ratio_below_10cm": 0.253672291999367,
  "completion_mean_gt_to_recon_m": 0.7812205625243246,
  "completion_ratio_below_20cm": 0.20140555555555556,
  "transform": {
    "scale": 0.27110635035157143,
    "rotation": [
      [
        0.9619905794885637,
        -0.24174978689599214,
        0.12700852534770998
      ],
      [
        0.2595609266876258,
        0.9539832752745173,
        -0.15014671436154262
      ],
      [
        -0.08486607279895704,
        0.1774061752934474,
        0.980471722516991
      ]
    ],
    "translation": [
      0.7117824204845018,
      0.1660992446598626,
      1.5748653038172453
    ]
  }
}