{
  "recon_points_used": 50663,
  "gt_points_used": 180000,
  "mean_error_m": 0.24571661635233213,
  "median_error_m": 0.15471722647699204,
  "rmse_m": 0.3593885386139109,
  "p90_error_m": 0.57633871481275,
  "p95_error_m": 0.7642137084433511,
  "ratio_below_20cm": 0.602135680871642,
  "ratio_below_10cm": 0.3273592167854253,
  "completion_mean_gt_to_recon_m": 1.0335589517333807,
  "completion_ratio_below_20cm": 0.1559611111111111,
  "transform": {
    "scale": 0.24667894082638944,
    "rotation": [
      [
        0.9536743448748155,
        0.15866221592791588,
        -0.255600362214984
      ],
      [
        -0.2890904159454189,
        0.7184530935554013,
        -0.6326546322988373
      ],
      [
        0.08325848506964302,
        0.6772381070181428,
        0.7310380093171586
      ]
    ],
    "translation": [
      -1.5064838587036533,
      -1.0790112402024392,
      0.8661778778743502
    ]
  }
}