{
  "recon_points_used": 64675,
  "gt_points_used": 180000,
  "mean_error_m": 0.28015858711686464,
  "median_error_m": 0.20355020610488128,
  "rmse_m": 0.35862495725302695,
  "p90_error_m": 0.6193269297917123,
  "p95_error_m": 0.6910483071039162,
  "ratio_below_20cm": 0.49377657518361034,
  "ratio_below_10cm": 0.26670274449168924,
  "completion_mean_gt_to_recon_m": 0.5981421823577974,
  "completion_ratio_below_20cm": 0.3048388888888889,
  "transform": {
    "scale": 0.243800012568417,
    "rotation": [
      [
        0.9728914689940451,
        0.2217518138415919,
        -0.06563781392287786
      ],
      [
        -0.21036417971701377,
        0.9664856700957414,
        0.1471474138120381
      ],
      [
        0.0960682124877911,
        -0.1293506186979639,
        0.9869343017606879
      ]
    ],
    "translation": [
      -0.6772828849283241,
      0.046849324678447435,
      1.379808960403805
    ]
  }
}