{
  "recon_points_used": 60000,
  "gt_points_used": 120000,
  "mean_error_m": 0.279726538098626,
  "median_error_m": 0.19987144618078265,
  "rmse_m": 0.36988674041457786,
  "p90_error_m": 0.6718832428233861,
  "p95_error_m": 0.8160958496798044,
  "ratio_below_20cm": 0.5002166666666666,
  "ratio_below_10cm": 0.24003333333333332,
  "completion_mean_gt_to_recon_m": 0.7813308517232758,
  "completion_ratio_below_20cm": 0.19839166666666666,
  "transform": {
    "scale": 0.27412897314781765,
    "rotation": [
      [
        0.9565096194973356,
        -0.26860452344463465,
        0.11375833065820956
      ],
      [
        0.28400850318655674,
        0.9465174329409136,
        -0.15311407269312047
      ],
      [
        -0.0665471105818485,
        0.17876341662662484,
        0.9816389982825557
      ]
    ],
    "translation": [
      0.7163694863866786,
      0.19931906638788205,
      1.5636071252139896
    ]
  }
}