{
  "recon_points_used": 20718,
  "gt_points_used": 180000,
  "mean_error_m": 0.7257713022440728,
  "median_error_m": 0.25064393743766167,
  "rmse_m": 1.4566282020677737,
  "p90_error_m": 2.3373113070688305,
  "p95_error_m": 3.9976933032567565,
  "ratio_below_20cm": 0.44082440389999034,
  "ratio_below_10cm": 0.2371367892653731,
  "completion_mean_gt_to_recon_m": 2.51381969168889,
  "completion_ratio_below_20cm": 0.08532222222222222,
  "transform": {
    "scale": 0.6910049061426351,
    "rotation": [
      [
        0.9882683359833696,
        0.15272613355663367,
        0.0006513228929136493
      ],
      [
        -0.13271718316417522,
        0.8608880715772982,
        -0.49118008663717305
      ],
      [
        -0.0755767516213635,
        0.4853312851494014,
        0.8710578042068136
      ]
    ],
    "translation": [
      -2.0759752472858835,
      0.38706696232544,
      -0.4430055672747813
    ]
  }
}