{
  "image_count": 80,
  "selected_image_count": 24,
  "mean_psnr": 25.35438153172418,
  "mean_ssim": 0.7490216210484505,
  "min_psnr": 17.195953228894332,
  "max_psnr": 30.560871422975563,
  "gaussian_count": 58663,
  "width": 735,
  "height": 990,
  "iterations": 14000,
  "additional_iterations": 14000
}