{
  "recon_points_used": 80000,
  "gt_points_used": 180000,
  "mean_error_m": 0.25105527572447406,
  "median_error_m": 0.188459401798926,
  "rmse_m": 0.3315449680303813,
  "p90_error_m": 0.5471195913963367,
  "p95_error_m": 0.6878251188745134,
  "ratio_below_20cm": 0.5225375,
  "ratio_below_10cm": 0.2855375,
  "completion_mean_gt_to_recon_m": 0.2977649888234876,
  "completion_ratio_below_20cm": 0.5638388888888889,
  "transform": {
    "scale": 0.40047372524745606,
    "rotation": [
      [
        0.9794892968960555,
        -0.03599056994358683,
        -0.1982558855146802
      ],
      [
        -0.026850745815462214,
        0.9518300135241033,
        -0.30544829808637347
      ],
      [
        0.19969916052709838,
        0.30450665711909114,
        0.9313409370659775
      ]
    ],
    "translation": [
      -0.04386611244895999,
      0.36042855186973033,
      2.2570867251282145
    ]
  }
}