{
  "recon_points_used": 20718,
  "gt_points_used": 180000,
  "mean_error_m": 0.7396178726018898,
  "median_error_m": 0.25624817696357666,
  "rmse_m": 1.481615089602368,
  "p90_error_m": 2.37938177620126,
  "p95_error_m": 4.054610186706525,
  "ratio_below_20cm": 0.4329568491167101,
  "ratio_below_10cm": 0.2351578337677382,
  "completion_mean_gt_to_recon_m": 2.4553616209927642,
  "completion_ratio_below_20cm": 0.08855555555555555,
  "transform": {
    "scale": 0.6983726090573555,
    "rotation": [
      [
        0.9878967474356172,
        0.15506077462078682,
        -0.004021514656141279
      ],
      [
        -0.1372420557073043,
        0.8617039096258429,
        -0.48849871062344974
      ],
      [
        -0.07228163356871443,
        0.483138208289864,
        0.8725553490404473
      ]
    ],
    "translation": [
      -2.0827301549712516,
      0.4303017490979632,
      -0.4417921522948936
    ]
  }
}