{
  "image_count": 80,
  "mean_psnr": 27.175557453125617,
  "mean_ssim": 0.7958794020116329,
  "min_psnr": 20.5136296729657,
  "max_psnr": 33.1525488874646
}