{
  "image_count": 80,
  "mean_psnr": 15.920748416362397,
  "mean_ssim": 0.6618721110746264,
  "min_psnr": 6.782950137916959,
  "max_psnr": 20.02494640536851
}